task,model,method,method_label,N,m,bias,abs_bias,mse,rmse,coverage,mean_width
agnews,Qwen/Qwen2.5-1.5B-Instruct,none,No correction,10,50,0.022249999999999995,0.022249999999999995,0.0024335,0.049330517937682346,0.805,0.14332598340188718
agnews,Qwen/Qwen2.5-1.5B-Instruct,split,Naive split,10,50,-0.0034166666666666716,0.0034166666666666716,0.004570277777777777,0.06760382960881563,0.85,0.2164234047811159
agnews,Qwen/Qwen2.5-1.5B-Instruct,union_K,Union bound over K,10,50,-0.053475713078369264,0.053475713078369264,0.0056219097229418084,0.07497939532259384,0.925,0.22444749001209238
agnews,Qwen/Qwen2.5-1.5B-Instruct,union_neff,Union bound over N_eff,10,50,0.006059027639711845,0.006059027639711845,0.0019537410945296542,0.04420114358848257,0.89,0.1585138809172537
agnews,Qwen/Qwen2.5-1.5B-Instruct,cross_fit,Cross-fitting,10,50,-0.004666666666666642,0.004666666666666642,0.0023371834666666698,0.04834442539390317,0.97,0.22392838278605237
agnews,Qwen/Qwen2.5-1.5B-Instruct,bootstrap,Bootstrap plug-in,10,50,0.0069164999999999964,0.0069164999999999964,0.002292750416666667,0.04788267344945003,0.805,0.14360978052796472
agnews,Qwen/Qwen2.5-1.5B-Instruct,none,No correction,10,100,0.014199999999999999,0.014199999999999999,0.0010127777777777785,0.031824169710736816,0.88,0.10572964343728727
agnews,Qwen/Qwen2.5-1.5B-Instruct,split,Naive split,10,100,0.00023333333333332206,0.00023333333333332206,0.002300444444444444,0.04796294866294653,0.89,0.15632401942294158
agnews,Qwen/Qwen2.5-1.5B-Instruct,union_K,Union bound over K,10,100,-0.040173688203727576,0.040173688203727576,0.0026154717860519525,0.05114168344953021,0.94,0.16557188393978362
agnews,Qwen/Qwen2.5-1.5B-Instruct,union_neff,Union bound over N_eff,10,100,0.002388648749191964,0.002388648749191964,0.000801527383517355,0.028311258953238994,0.965,0.11725672894940015
agnews,Qwen/Qwen2.5-1.5B-Instruct,cross_fit,Cross-fitting,10,100,-0.005927999999999969,0.005927999999999969,0.0009564382222222226,0.03092633541534177,0.99,0.16026557019518678
agnews,Qwen/Qwen2.5-1.5B-Instruct,bootstrap,Bootstrap plug-in,10,100,0.0024952499999999957,0.0024952499999999957,0.0009150513819444462,0.03024981622992851,0.905,0.10532243248104212
agnews,Qwen/Qwen2.5-1.5B-Instruct,none,No correction,10,200,0.00644166666666667,0.00644166666666667,0.0003617083333333339,0.019018631216082136,0.94,0.07661614886034522
agnews,Qwen/Qwen2.5-1.5B-Instruct,split,Naive split,10,200,-0.005166666666666673,0.005166666666666673,0.0010622222222222235,0.03259175083088087,0.925,0.11221454671384552
agnews,Qwen/Qwen2.5-1.5B-Instruct,union_K,Union bound over K,10,200,-0.032058862438881314,0.032058862438881314,0.0014005257208318184,0.03742359844846321,0.98,0.11998035455915029
agnews,Qwen/Qwen2.5-1.5B-Instruct,union_neff,Union bound over N_eff,10,200,-0.001829734387644094,0.001829734387644094,0.00033186805776160634,0.018217246162952467,0.97,0.08490035282330054
agnews,Qwen/Qwen2.5-1.5B-Instruct,cross_fit,Cross-fitting,10,200,-0.006718666666666659,0.006718666666666659,0.0004236376444444443,0.02058245963057973,0.99,0.11324486449284236
agnews,Qwen/Qwen2.5-1.5B-Instruct,bootstrap,Bootstrap plug-in,10,200,-0.0023339583333333368,0.0023339583333333368,0.0003619738468750007,0.01902561028916026,0.95,0.0764295025445702
agnews,Qwen/Qwen2.5-1.5B-Instruct,none,No correction,25,50,0.028549999999999992,0.028549999999999992,0.0028660555555555557,0.05353555412579154,0.745,0.1402175622061406
agnews,Qwen/Qwen2.5-1.5B-Instruct,split,Naive split,25,50,-0.002550000000000007,0.002550000000000007,0.004771722222222222,0.0690776535662744,0.86,0.21638257509950187
agnews,Qwen/Qwen2.5-1.5B-Instruct,union_K,Union bound over K,25,50,-0.06908456062704463,0.06908456062704463,0.007947594690230096,0.08914928317283373,0.895,0.24535242290155537
agnews,Qwen/Qwen2.5-1.5B-Instruct,union_neff,Union bound over N_eff,25,50,0.01109637064089935,0.01109637064089935,0.0021683392501803274,0.046565429775535495,0.875,0.15616969890574567
agnews,Qwen/Qwen2.5-1.5B-Instruct,cross_fit,Cross-fitting,25,50,-0.008950666666666628,0.008950666666666628,0.002538778311111114,0.05038629090448228,0.98,0.2280454245107579
agnews,Qwen/Qwen2.5-1.5B-Instruct,bootstrap,Bootstrap plug-in,25,50,0.006941,0.006941,0.0024918617888888893,0.049918551550389455,0.815,0.1395707985195248
agnews,Qwen/Qwen2.5-1.5B-Instruct,none,No correction,25,100,0.020150000000000005,0.020150000000000005,0.0012431666666666674,0.03525856869849749,0.85,0.10327927987692177
agnews,Qwen/Qwen2.5-1.5B-Instruct,split,Naive split,25,100,-0.00145000000000001,0.00145000000000001,0.0023303888888888897,0.048274101637305375,0.885,0.15688990767810687
agnews,Qwen/Qwen2.5-1.5B-Instruct,union_K,Union bound over K,25,100,-0.04893599394750244,0.04893599394750244,0.003502263224072086,0.05917992247436698,0.95,0.18071788693685398
agnews,Qwen/Qwen2.5-1.5B-Instruct,union_neff,Union bound over N_eff,25,100,0.007616911265354254,0.007616911265354254,0.0008677243255153615,0.029457160852929487,0.92,0.11532255407219898
agnews,Qwen/Qwen2.5-1.5B-Instruct,cross_fit,Cross-fitting,25,100,-0.006493999999999962,0.006493999999999962,0.0009734144888888887,0.031199591165412547,0.98,0.1602074697956257
agnews,Qwen/Qwen2.5-1.5B-Instruct,bootstrap,Bootstrap plug-in,25,100,0.0038604999999999993,0.0038604999999999993,0.000928966216666668,0.03047894710561157,0.87,0.10330868266596833
agnews,Qwen/Qwen2.5-1.5B-Instruct,none,No correction,25,200,0.011941666666666673,0.011941666666666673,0.000425708333333334,0.02063270058265117,0.92,0.0747348257455056
agnews,Qwen/Qwen2.5-1.5B-Instruct,split,Naive split,25,200,-0.003666666666666672,0.003666666666666672,0.00102688888888889,0.03204510709747886,0.925,0.11182674320372522
agnews,Qwen/Qwen2.5-1.5B-Instruct,union_K,Union bound over K,25,200,-0.036791027373606074,0.036791027373606074,0.001688708014804076,0.04109389267037227,0.97,0.13077085554253295
agnews,Qwen/Qwen2.5-1.5B-Instruct,union_neff,Union bound over N_eff,25,200,0.0029363489985294745,0.0029363489985294745,0.0002909259415594237,0.017056551279770002,0.965,0.08365561144963576
agnews,Qwen/Qwen2.5-1.5B-Instruct,cross_fit,Cross-fitting,25,200,-0.006959333333333333,0.006959333333333333,0.00036973831111111125,0.01922858057972848,0.995,0.11254320513074033
agnews,Qwen/Qwen2.5-1.5B-Instruct,bootstrap,Bootstrap plug-in,25,200,0.0001212916666666608,0.0001212916666666608,0.00032827031562500066,0.018118231581062228,0.955,0.07473534369427207
agnews,Qwen/Qwen2.5-1.5B-Instruct,none,No correction,50,50,0.03874999999999999,0.03874999999999999,0.0031854999999999995,0.056440233876198634,0.685,0.13373529236330042
agnews,Qwen/Qwen2.5-1.5B-Instruct,split,Naive split,50,50,-0.0012666666666666677,0.0012666666666666677,0.004716333333333334,0.0686755657663869,0.835,0.21649355191950792
agnews,Qwen/Qwen2.5-1.5B-Instruct,union_K,Union bound over K,50,50,-0.07122864229935862,0.07122864229935862,0.007872827435006984,0.08872895488512746,0.95,0.2512522173184602
agnews,Qwen/Qwen2.5-1.5B-Instruct,union_neff,Union bound over N_eff,50,50,0.021106886431780592,0.021106886431780592,0.0020790091957801475,0.045596153300252726,0.84,0.14934985114765761
agnews,Qwen/Qwen2.5-1.5B-Instruct,cross_fit,Cross-fitting,50,50,-0.005997333333333296,0.005997333333333296,0.002045192711111113,0.04522380690644158,0.985,0.22468495986495646
agnews,Qwen/Qwen2.5-1.5B-Instruct,bootstrap,Bootstrap plug-in,50,50,0.015099999999999997,0.015099999999999997,0.0023204160000000005,0.04817069648655706,0.825,0.13382433445532144
agnews,Qwen/Qwen2.5-1.5B-Instruct,none,No correction,50,100,0.024583333333333342,0.024583333333333342,0.0013310555555555565,0.03648363407824879,0.79,0.10136515557994771
agnews,Qwen/Qwen2.5-1.5B-Instruct,split,Naive split,50,100,-0.003983333333333342,0.003983333333333342,0.0023932777777777793,0.0489211383532495,0.905,0.15854634506495044
agnews,Qwen/Qwen2.5-1.5B-Instruct,union_K,Union bound over K,50,100,-0.0543342173533137,0.0543342173533137,0.003977015777171059,0.06306358519122632,0.965,0.19043754007062325
agnews,Qwen/Qwen2.5-1.5B-Instruct,union_neff,Union bound over N_eff,50,100,0.011790091068966503,0.011790091068966503,0.0008601470251028712,0.029328263247299032,0.925,0.1134838443533416
agnews,Qwen/Qwen2.5-1.5B-Instruct,cross_fit,Cross-fitting,50,100,-0.0061459999999999735,0.0061459999999999735,0.0008684688888888887,0.029469796213901594,0.985,0.1600283251336258
agnews,Qwen/Qwen2.5-1.5B-Instruct,bootstrap,Bootstrap plug-in,50,100,0.005768833333333345,0.005768833333333345,0.0008886004805555573,0.029809402552811375,0.89,0.10032210323213939
agnews,Qwen/Qwen2.5-1.5B-Instruct,none,No correction,50,200,0.013641666666666679,0.013641666666666679,0.00044206944444444534,0.021025447544450637,0.89,0.07442664818274305
agnews,Qwen/Qwen2.5-1.5B-Instruct,split,Naive split,50,200,-0.007850000000000003,0.007850000000000003,0.0009320555555555568,0.0305295849227525,0.945,0.11330655139384752
agnews,Qwen/Qwen2.5-1.5B-Instruct,union_K,Union bound over K,50,200,-0.042501882308420454,0.042501882308420454,0.002108614788531557,0.04591965579718076,0.98,0.13982741618192887
agnews,Qwen/Qwen2.5-1.5B-Instruct,union_neff,Union bound over N_eff,50,200,0.004709454084967114,0.004709454084967114,0.0002789090518162064,0.01670057040391754,0.975,0.08317383770066222
agnews,Qwen/Qwen2.5-1.5B-Instruct,cross_fit,Cross-fitting,50,200,-0.007938666666666662,0.007938666666666662,0.00038118342222222295,0.019523919233141254,1.0,0.11321319112835133
agnews,Qwen/Qwen2.5-1.5B-Instruct,bootstrap,Bootstrap plug-in,50,200,0.0002902916666666699,0.0002902916666666699,0.0003031175975694453,0.017410272759765866,0.96,0.07432357627323478
agnews,Qwen/Qwen2.5-1.5B-Instruct,none,No correction,100,50,0.04291666666666666,0.04291666666666666,0.003224499999999999,0.05678468103282785,0.68,0.13245123729585578
agnews,Qwen/Qwen2.5-1.5B-Instruct,split,Naive split,100,50,0.0006999999999999996,0.0006999999999999996,0.004132222222222221,0.06428236322835543,0.88,0.2184238783937426
agnews,Qwen/Qwen2.5-1.5B-Instruct,union_K,Union bound over K,100,50,-0.08020656306371787,0.08020656306371787,0.008800911251722198,0.09381317205873703,0.97,0.2649684627251348
agnews,Qwen/Qwen2.5-1.5B-Instruct,union_neff,Union bound over N_eff,100,50,0.025767187950511507,0.025767187950511507,0.0020102809166827546,0.044836156354919124,0.85,0.1474175413078493
agnews,Qwen/Qwen2.5-1.5B-Instruct,cross_fit,Cross-fitting,100,50,-0.005965999999999951,0.005965999999999951,0.001686468177777778,0.04106663095236542,0.99,0.22703983047763843
agnews,Qwen/Qwen2.5-1.5B-Instruct,bootstrap,Bootstrap plug-in,100,50,0.01506816666666667,0.01506816666666667,0.002037361583333333,0.04513714194910144,0.815,0.1316850128693478
agnews,Qwen/Qwen2.5-1.5B-Instruct,none,No correction,100,100,0.028800000000000006,0.028800000000000006,0.0014953333333333344,0.03866954012311673,0.8,0.10015116671003962
agnews,Qwen/Qwen2.5-1.5B-Instruct,split,Naive split,100,100,-0.0019166666666666755,0.0019166666666666755,0.0015478333333333334,0.03934251305309987,0.945,0.15777527098388636
agnews,Qwen/Qwen2.5-1.5B-Instruct,union_K,Union bound over K,100,100,-0.059462795429359006,0.059462795429359006,0.004464021945522408,0.06681333658426593,0.97,0.2003522294322742
agnews,Qwen/Qwen2.5-1.5B-Instruct,union_neff,Union bound over N_eff,100,100,0.016223045519318798,0.016223045519318798,0.000929112286064165,0.030481343245732546,0.885,0.11186777836963475
agnews,Qwen/Qwen2.5-1.5B-Instruct,cross_fit,Cross-fitting,100,100,-0.0054599999999999605,0.0054599999999999605,0.0008510961777777776,0.02917355271093628,0.99,0.16025694765808
agnews,Qwen/Qwen2.5-1.5B-Instruct,bootstrap,Bootstrap plug-in,100,100,0.007450250000000003,0.007450250000000003,0.0008471014375000013,0.02910500708641043,0.865,0.09975963608305777
agnews,Qwen/Qwen2.5-1.5B-Instruct,none,No correction,100,200,0.016558333333333352,0.016558333333333352,0.0004954583333333344,0.022258893353743675,0.86,0.07371057340237751
agnews,Qwen/Qwen2.5-1.5B-Instruct,split,Naive split,100,200,-0.006133333333333343,0.006133333333333343,0.0009510000000000015,0.030838287890218575,0.945,0.11299417375560136
agnews,Qwen/Qwen2.5-1.5B-Instruct,union_K,Union bound over K,100,200,-0.04599806989867825,0.04599806989867825,0.0023967724106369217,0.04895684232706315,0.99,0.1474578699283111
agnews,Qwen/Qwen2.5-1.5B-Instruct,union_neff,Union bound over N_eff,100,200,0.007417317931097808,0.007417317931097808,0.00027391106521510567,0.01655025876580501,0.965,0.08259064074053697
agnews,Qwen/Qwen2.5-1.5B-Instruct,cross_fit,Cross-fitting,100,200,-0.00773066666666666,0.00773066666666666,0.0003254269333333336,0.018039593491354887,1.0,0.11326739656057512
agnews,Qwen/Qwen2.5-1.5B-Instruct,bootstrap,Bootstrap plug-in,100,200,0.000903583333333336,0.000903583333333336,0.00024917611458333424,0.0157853132557873,0.965,0.07364680734931603
sst2,Qwen/Qwen2.5-1.5B-Instruct,none,No correction,10,50,0.011083333333333329,0.011083333333333329,0.0013082777777777765,0.03617012272273591,0.84,0.10970936129900305
sst2,Qwen/Qwen2.5-1.5B-Instruct,split,Naive split,10,50,-0.006449999999999991,0.006449999999999991,0.0029338333333333334,0.054164871765133286,0.885,0.167950204177278
sst2,Qwen/Qwen2.5-1.5B-Instruct,union_K,Union bound over K,10,50,-0.060995365967279475,0.060995365967279475,0.005451416803919382,0.07383371048457055,0.845,0.1718040943444648
sst2,Qwen/Qwen2.5-1.5B-Instruct,union_neff,Union bound over N_eff,10,50,-0.018443924211880076,0.018443924211880076,0.0015480780111805136,0.039345622516113704,0.915,0.1324417258152346
sst2,Qwen/Qwen2.5-1.5B-Instruct,cross_fit,Cross-fitting,10,50,-0.014362666666666626,0.014362666666666626,0.0015877329777777755,0.03984636718419605,0.975,0.18433650288727854
sst2,Qwen/Qwen2.5-1.5B-Instruct,bootstrap,Bootstrap plug-in,10,50,-0.002188666666666667,0.002188666666666667,0.0013701900777777754,0.0370160786385832,0.85,0.11027480254207857
sst2,Qwen/Qwen2.5-1.5B-Instruct,none,No correction,10,100,-0.005916666666666643,0.005916666666666643,0.0005986111111111099,0.024466530426505307,0.925,0.08820269106861289
sst2,Qwen/Qwen2.5-1.5B-Instruct,split,Naive split,10,100,-0.020183333333333327,0.020183333333333327,0.0024334999999999995,0.049330517937682346,0.84,0.1354873247355461
sst2,Qwen/Qwen2.5-1.5B-Instruct,union_K,Union bound over K,10,100,-0.05890973934531532,0.05890973934531532,0.004198730855748673,0.06479761458378443,0.68,0.138124798817194
sst2,Qwen/Qwen2.5-1.5B-Instruct,union_neff,Union bound over N_eff,10,100,-0.027708202419129115,0.027708202419129115,0.0013503446395392743,0.0367470357925544,0.91,0.10690707054473751
sst2,Qwen/Qwen2.5-1.5B-Instruct,cross_fit,Cross-fitting,10,100,-0.025203999999999973,0.025203999999999973,0.0013579823999999969,0.03685081274544697,0.985,0.13731579503798252
sst2,Qwen/Qwen2.5-1.5B-Instruct,bootstrap,Bootstrap plug-in,10,100,-0.017015916666666634,0.017015916666666634,0.0009471443402777757,0.030775710231898398,0.9,0.087650045263528
sst2,Qwen/Qwen2.5-1.5B-Instruct,none,No correction,10,200,-0.00959166666666663,0.00959166666666663,0.0003668749999999988,0.019153981309377923,0.925,0.06336288290172122
sst2,Qwen/Qwen2.5-1.5B-Instruct,split,Naive split,10,200,-0.016766666666666645,0.016766666666666645,0.0011541111111111103,0.03397221086581075,0.87,0.09347400661424951
sst2,Qwen/Qwen2.5-1.5B-Instruct,union_K,Union bound over K,10,200,-0.04689527554460535,0.04689527554460535,0.0025118871415213493,0.050118730446025356,0.545,0.09922583253689492
sst2,Qwen/Qwen2.5-1.5B-Instruct,union_neff,Union bound over N_eff,10,200,-0.02520404225506325,0.02520404225506325,0.0009206164015535723,0.030341661153496065,0.81,0.077106224681331
sst2,Qwen/Qwen2.5-1.5B-Instruct,cross_fit,Cross-fitting,10,200,-0.020442999999999975,0.020442999999999975,0.0007553102888888877,0.027482909032503958,0.97,0.09503733707452476
sst2,Qwen/Qwen2.5-1.5B-Instruct,bootstrap,Bootstrap plug-in,10,200,-0.016947166666666617,0.016947166666666617,0.0005950964708333315,0.024394599214443584,0.795,0.06325600824026258
sst2,Qwen/Qwen2.5-1.5B-Instruct,none,No correction,25,50,0.015033333333333334,0.015033333333333334,0.0016421111111111098,0.04052297016645139,0.755,0.10738193210194945
sst2,Qwen/Qwen2.5-1.5B-Instruct,split,Naive split,25,50,-0.019149999999999983,0.019149999999999983,0.0038341666666666663,0.06192064814475593,0.87,0.1820790565858622
sst2,Qwen/Qwen2.5-1.5B-Instruct,union_K,Union bound over K,25,50,-0.07849032709263884,0.07849032709263884,0.008338360400525874,0.0913146231472587,0.72,0.18789669997493236
sst2,Qwen/Qwen2.5-1.5B-Instruct,union_neff,Union bound over N_eff,25,50,-0.01776758881565028,0.01776758881565028,0.0017249018859288512,0.041531938143179056,0.925,0.132028635333438
sst2,Qwen/Qwen2.5-1.5B-Instruct,cross_fit,Cross-fitting,25,50,-0.021009999999999952,0.021009999999999952,0.002297395466666664,0.0479311534043013,0.97,0.1909492639179354
sst2,Qwen/Qwen2.5-1.5B-Instruct,bootstrap,Bootstrap plug-in,25,50,-0.0029896666666666648,0.0029896666666666648,0.0017506931777777756,0.04184128556554848,0.8,0.10685824018263693
sst2,Qwen/Qwen2.5-1.5B-Instruct,none,No correction,25,100,0.001450000000000014,0.001450000000000014,0.0005873888888888877,0.024236107131486436,0.9,0.08373298384113333
sst2,Qwen/Qwen2.5-1.5B-Instruct,split,Naive split,25,100,-0.02203333333333333,0.02203333333333333,0.0022757777777777767,0.04770511270060869,0.88,0.13445824185616945
sst2,Qwen/Qwen2.5-1.5B-Instruct,union_K,Union bound over K,25,100,-0.06600725544846658,0.06600725544846658,0.005120863393580624,0.07156020817172504,0.64,0.14651581541544695
sst2,Qwen/Qwen2.5-1.5B-Instruct,union_neff,Union bound over N_eff,25,100,-0.022441053985678944,0.022441053985678944,0.0010716258103766745,0.03273569627145075,0.925,0.10340122584811301
sst2,Qwen/Qwen2.5-1.5B-Instruct,cross_fit,Cross-fitting,25,100,-0.022341333333333307,0.022341333333333307,0.0012690943999999966,0.03562435122216258,0.99,0.13577390464852793
sst2,Qwen/Qwen2.5-1.5B-Instruct,bootstrap,Bootstrap plug-in,25,100,-0.012676999999999973,0.012676999999999973,0.0008769701388888864,0.029613681616592127,0.86,0.08367448620453297
sst2,Qwen/Qwen2.5-1.5B-Instruct,none,No correction,25,200,-0.0038583333333332926,0.0038583333333332926,0.0002519583333333322,0.015873195435492257,0.965,0.06127174085745193
sst2,Qwen/Qwen2.5-1.5B-Instruct,split,Naive split,25,200,-0.01814999999999997,0.01814999999999997,0.0010051666666666655,0.031704363527228635,0.905,0.09403757421551337
sst2,Qwen/Qwen2.5-1.5B-Instruct,union_K,Union bound over K,25,200,-0.05165903686580565,0.05165903686580565,0.002942105172396195,0.05424117598647908,0.53,0.10721317528449864
sst2,Qwen/Qwen2.5-1.5B-Instruct,union_neff,Union bound over N_eff,25,200,-0.020962847881520225,0.020962847881520225,0.0006719487645323012,0.02592197454925649,0.9,0.07590405025013933
sst2,Qwen/Qwen2.5-1.5B-Instruct,cross_fit,Cross-fitting,25,200,-0.021053333333333323,0.021053333333333323,0.0007597095555555547,0.027562829237136648,0.97,0.09461846422048589
sst2,Qwen/Qwen2.5-1.5B-Instruct,bootstrap,Bootstrap plug-in,25,200,-0.01372308333333327,0.01372308333333327,0.00045672350833333086,0.021371090480678118,0.86,0.061031317358791935
sst2,Qwen/Qwen2.5-1.5B-Instruct,none,No correction,50,50,0.018299999999999997,0.018299999999999997,0.0017315555555555539,0.04161196409153927,0.765,0.10421026487811774
sst2,Qwen/Qwen2.5-1.5B-Instruct,split,Naive split,50,50,-0.018999999999999986,0.018999999999999986,0.0038544444444444425,0.06208417225383973,0.895,0.18221518817481835
sst2,Qwen/Qwen2.5-1.5B-Instruct,union_K,Union bound over K,50,50,-0.08911488623040963,0.08911488623040963,0.01024025238913844,0.10119413218728861,0.63,0.19578272612470307
sst2,Qwen/Qwen2.5-1.5B-Instruct,union_neff,Union bound over N_eff,50,50,-0.014628896227792168,0.014628896227792168,0.001555659731237686,0.03944185253303509,0.925,0.12790265664489192
sst2,Qwen/Qwen2.5-1.5B-Instruct,cross_fit,Cross-fitting,50,50,-0.023155333333333278,0.023155333333333278,0.0022354379555555516,0.04728041830986219,0.97,0.1924740320578396
sst2,Qwen/Qwen2.5-1.5B-Instruct,bootstrap,Bootstrap plug-in,50,50,-0.0005559999999999988,0.0005559999999999988,0.0016437473888888865,0.0405431546489526,0.79,0.1046279676845221
sst2,Qwen/Qwen2.5-1.5B-Instruct,none,No correction,50,100,0.0067333333333333386,0.0067333333333333386,0.0005615555555555541,0.023697163449568265,0.87,0.08012212816865805
sst2,Qwen/Qwen2.5-1.5B-Instruct,split,Naive split,50,100,-0.014733333333333327,0.014733333333333327,0.0017639999999999989,0.04199999999999999,0.895,0.1283396581050914
sst2,Qwen/Qwen2.5-1.5B-Instruct,union_K,Union bound over K,50,100,-0.07011391180085555,0.07011391180085555,0.005637214320571881,0.07508138464740699,0.61,0.15052767300917413
sst2,Qwen/Qwen2.5-1.5B-Instruct,union_neff,Union bound over N_eff,50,100,-0.018025031450999433,0.018025031450999433,0.0008325923458199223,0.028854676324989722,0.96,0.09977956144432376
sst2,Qwen/Qwen2.5-1.5B-Instruct,cross_fit,Cross-fitting,50,100,-0.020803999999999982,0.020803999999999982,0.0011244616888888867,0.033532994034068696,0.985,0.13371007093261933
sst2,Qwen/Qwen2.5-1.5B-Instruct,bootstrap,Bootstrap plug-in,50,100,-0.008798166666666645,0.008798166666666645,0.0007338654805555528,0.027089951652883266,0.87,0.0798632786631594
sst2,Qwen/Qwen2.5-1.5B-Instruct,none,No correction,50,200,0.0003416666666666923,0.0003416666666666923,0.000250458333333332,0.01582587543655428,0.955,0.05930336188338364
sst2,Qwen/Qwen2.5-1.5B-Instruct,split,Naive split,50,200,-0.01614999999999998,0.01614999999999998,0.001022944444444443,0.03198350269192608,0.88,0.0918925954401967
sst2,Qwen/Qwen2.5-1.5B-Instruct,union_K,Union bound over K,50,200,-0.054215244649747626,0.054215244649747626,0.003238513032880035,0.056907934709318306,0.515,0.1114148771377575
sst2,Qwen/Qwen2.5-1.5B-Instruct,union_neff,Union bound over N_eff,50,200,-0.01705670369471334,0.01705670369471334,0.0005434836090379126,0.023312734911157734,0.915,0.07378426298206608
sst2,Qwen/Qwen2.5-1.5B-Instruct,cross_fit,Cross-fitting,50,200,-0.01770733333333334,0.01770733333333334,0.0006264749777777774,0.02502948217158672,0.99,0.09285414367094458
sst2,Qwen/Qwen2.5-1.5B-Instruct,bootstrap,Bootstrap plug-in,50,200,-0.009955958333333287,0.009955958333333287,0.0003897956614583309,0.019743243438157036,0.875,0.059169078698300376
sst2,Qwen/Qwen2.5-1.5B-Instruct,none,No correction,100,50,0.021683333333333322,0.021683333333333322,0.0012380555555555545,0.035186013635471046,0.745,0.09971700409602882
sst2,Qwen/Qwen2.5-1.5B-Instruct,split,Naive split,100,50,-0.01566666666666665,0.01566666666666665,0.00313511111111111,0.05599206292958949,0.905,0.1770964038966825
sst2,Qwen/Qwen2.5-1.5B-Instruct,union_K,Union bound over K,100,50,-0.09928190057381713,0.09928190057381713,0.01121687626201722,0.10590975527314384,0.48,0.19948368790139973
sst2,Qwen/Qwen2.5-1.5B-Instruct,union_neff,Union bound over N_eff,100,50,-0.012598942061681787,0.012598942061681787,0.0009111450923157355,0.030185180011319056,0.965,0.12333315664913393
sst2,Qwen/Qwen2.5-1.5B-Instruct,cross_fit,Cross-fitting,100,50,-0.023863333333333285,0.023863333333333285,0.0017080935999999975,0.04132908902939911,1.0,0.19161301110114617
sst2,Qwen/Qwen2.5-1.5B-Instruct,bootstrap,Bootstrap plug-in,100,50,0.0005113333333333242,0.0005113333333333242,0.0009745680222222206,0.031218072045246813,0.865,0.10025759442172273
sst2,Qwen/Qwen2.5-1.5B-Instruct,none,No correction,100,100,0.009500000000000005,0.009500000000000005,0.0006218888888888874,0.024937700152357422,0.81,0.07812118845268909
sst2,Qwen/Qwen2.5-1.5B-Instruct,split,Naive split,100,100,-0.015599999999999996,0.015599999999999996,0.0017575555555555545,0.04192321022483315,0.89,0.12915530423233995
sst2,Qwen/Qwen2.5-1.5B-Instruct,union_K,Union bound over K,100,100,-0.07641725785211616,0.07641725785211616,0.006611310377730755,0.08130996481201277,0.52,0.15628129742822144
sst2,Qwen/Qwen2.5-1.5B-Instruct,union_neff,Union bound over N_eff,100,100,-0.015071404257487812,0.015071404257487812,0.0007386639392215116,0.027178372637476137,0.96,0.09703702942137273
sst2,Qwen/Qwen2.5-1.5B-Instruct,cross_fit,Cross-fitting,100,100,-0.02013933333333332,0.02013933333333332,0.0010313248888888867,0.03211424744391322,0.99,0.1330421474399208
sst2,Qwen/Qwen2.5-1.5B-Instruct,bootstrap,Bootstrap plug-in,100,100,-0.007217749999999982,0.007217749999999982,0.0007059893263888864,0.026570459657086973,0.885,0.07826264097832705
sst2,Qwen/Qwen2.5-1.5B-Instruct,none,No correction,100,200,0.0031250000000000114,0.0031250000000000114,0.000185374999999999,0.013615248804190065,0.985,0.058282745306151254
sst2,Qwen/Qwen2.5-1.5B-Instruct,split,Naive split,100,200,-0.01381666666666665,0.01381666666666665,0.0009596111111111095,0.030977590466514816,0.88,0.09079857159188162
sst2,Qwen/Qwen2.5-1.5B-Instruct,union_K,Union bound over K,100,200,-0.057616378194796584,0.057616378194796584,0.003527370893680475,0.05939167360565347,0.54,0.11659452748392449
sst2,Qwen/Qwen2.5-1.5B-Instruct,union_neff,Union bound over N_eff,100,200,-0.01444265559092356,0.01444265559092356,0.0003783850326764908,0.019452121546928776,0.99,0.07268719229816906
sst2,Qwen/Qwen2.5-1.5B-Instruct,cross_fit,Cross-fitting,100,200,-0.016744333333333344,0.016744333333333344,0.000497724244444444,0.022309734297934702,1.0,0.0925561052775506
sst2,Qwen/Qwen2.5-1.5B-Instruct,bootstrap,Bootstrap plug-in,100,200,-0.00853362499999996,0.00853362499999996,0.00029104866979166475,0.017060148586447443,0.895,0.0581957773938883
sst2,meta-llama/Llama-3.2-3B-Instruct,none,No correction,10,50,0.02343333333333332,0.02343333333333332,0.0019149999999999987,0.043760712974082114,0.765,0.11180084046851729
sst2,meta-llama/Llama-3.2-3B-Instruct,split,Naive split,10,50,1.6666666666666498e-05,1.6666666666666498e-05,0.003579611111111111,0.05982985133786571,0.85,0.1747373644871609
sst2,meta-llama/Llama-3.2-3B-Instruct,union_K,Union bound over K,10,50,-0.04926528914021632,0.04926528914021632,0.004298735561841387,0.06556474328357724,0.895,0.1750793361315298
sst2,meta-llama/Llama-3.2-3B-Instruct,union_neff,Union bound over N_eff,10,50,-0.01002267286742473,0.01002267286742473,0.0014547658997567047,0.0381413935214316,0.915,0.13816649973371142
sst2,meta-llama/Llama-3.2-3B-Instruct,cross_fit,Cross-fitting,10,50,-0.008464666666666622,0.008464666666666622,0.0019353485333333314,0.043992596346809666,0.93,0.1921341560193156
sst2,meta-llama/Llama-3.2-3B-Instruct,bootstrap,Bootstrap plug-in,10,50,0.005409833333333319,0.005409833333333319,0.001775665749999999,0.042138649124052366,0.795,0.1113620238126588
sst2,meta-llama/Llama-3.2-3B-Instruct,none,No correction,10,100,0.008683333333333347,0.008683333333333347,0.0007179444444444442,0.02679448533643526,0.875,0.08836988139664038
sst2,meta-llama/Llama-3.2-3B-Instruct,split,Naive split,10,100,-0.011383333333333336,0.011383333333333336,0.001724611111111111,0.04152843737863383,0.895,0.13694147750348074
sst2,meta-llama/Llama-3.2-3B-Instruct,union_K,Union bound over K,10,100,-0.044331155271485304,0.044331155271485304,0.0027526345228836313,0.052465555585389845,0.865,0.13838661770438662
sst2,meta-llama/Llama-3.2-3B-Instruct,union_neff,Union bound over N_eff,10,100,-0.01604214666186184,0.01604214666186184,0.0009060322268189587,0.030100369213997336,0.965,0.10986396319217223
sst2,meta-llama/Llama-3.2-3B-Instruct,cross_fit,Cross-fitting,10,100,-0.013826666666666652,0.013826666666666652,0.000972878044444443,0.03119099300189789,0.985,0.13976516535091116
sst2,meta-llama/Llama-3.2-3B-Instruct,bootstrap,Bootstrap plug-in,10,100,-0.0048436666666666385,0.0048436666666666385,0.0007590562361111105,0.027550975229764744,0.905,0.08769332268135344
sst2,meta-llama/Llama-3.2-3B-Instruct,none,No correction,10,200,0.0032916666666666992,0.0032916666666666992,0.00027520833333333363,0.016589404248897356,0.93,0.06367940115958698
sst2,meta-llama/Llama-3.2-3B-Instruct,split,Naive split,10,200,-0.006433333333333322,0.006433333333333322,0.000723111111111111,0.026890725373464937,0.925,0.09560095090986899
sst2,meta-llama/Llama-3.2-3B-Instruct,union_K,Union bound over K,10,200,-0.034004061866321385,0.034004061866321385,0.001456684606582854,0.03816653778616622,0.87,0.09972149792034303
sst2,meta-llama/Llama-3.2-3B-Instruct,union_neff,Union bound over N_eff,10,200,-0.014346507283388162,0.014346507283388162,0.0004895113216584617,0.022124902749130034,0.955,0.07945524662604528
sst2,meta-llama/Llama-3.2-3B-Instruct,cross_fit,Cross-fitting,10,200,-0.010868000000000011,0.010868000000000011,0.0004646152444444447,0.021554935500818478,0.985,0.09640956081979755
sst2,meta-llama/Llama-3.2-3B-Instruct,bootstrap,Bootstrap plug-in,10,200,-0.005611958333333286,0.005611958333333286,0.0003208146552083329,0.017911299651570036,0.925,0.06364088784960309
sst2,meta-llama/Llama-3.2-3B-Instruct,none,No correction,25,50,0.03146666666666665,0.03146666666666665,0.0022297777777777763,0.0472205228452394,0.67,0.10510671792857902
sst2,meta-llama/Llama-3.2-3B-Instruct,split,Naive split,25,50,-0.007983333333333335,0.007983333333333335,0.0035820555555555553,0.059850276152709235,0.875,0.18521512644792165
sst2,meta-llama/Llama-3.2-3B-Instruct,union_K,Union bound over K,25,50,-0.06172905126816607,0.06172905126816607,0.005727344920579141,0.07567922383705544,0.865,0.18391553455404366
sst2,meta-llama/Llama-3.2-3B-Instruct,union_neff,Union bound over N_eff,25,50,-0.005675553850031939,0.005675553850031939,0.0012800764248235357,0.035778155693433046,0.92,0.13264228289964708
sst2,meta-llama/Llama-3.2-3B-Instruct,cross_fit,Cross-fitting,25,50,-0.01270866666666663,0.01270866666666663,0.0018022317333333318,0.0424526999533991,0.98,0.1964474174795986
sst2,meta-llama/Llama-3.2-3B-Instruct,bootstrap,Bootstrap plug-in,25,50,0.008697666666666657,0.008697666666666657,0.0017089446777777762,0.04133938410012631,0.76,0.10434648177490871
sst2,meta-llama/Llama-3.2-3B-Instruct,none,No correction,25,100,0.015516666666666665,0.015516666666666665,0.0008796111111111101,0.02965823850317328,0.77,0.08293179330708345
sst2,meta-llama/Llama-3.2-3B-Instruct,split,Naive split,25,100,-0.010300000000000002,0.010300000000000002,0.0019574444444444444,0.04424301577022575,0.855,0.13474262974141474
sst2,meta-llama/Llama-3.2-3B-Instruct,union_K,Union bound over K,25,100,-0.0514810080673779,0.0514810080673779,0.003498691649714903,0.05914973921933133,0.835,0.14511389374713307
sst2,meta-llama/Llama-3.2-3B-Instruct,union_neff,Union bound over N_eff,25,100,-0.012008816244436133,0.012008816244436133,0.0007716782703322883,0.027779097723509456,0.965,0.1058202452076273
sst2,meta-llama/Llama-3.2-3B-Instruct,cross_fit,Cross-fitting,25,100,-0.01339533333333331,0.01339533333333331,0.0010072642666666648,0.03173742690683454,0.985,0.13763807932172317
sst2,meta-llama/Llama-3.2-3B-Instruct,bootstrap,Bootstrap plug-in,25,100,-0.0019035833333333207,0.0019035833333333207,0.0007699028486111097,0.027747123249286756,0.885,0.08317148529934143
sst2,meta-llama/Llama-3.2-3B-Instruct,none,No correction,25,200,0.005600000000000038,0.005600000000000038,0.00029597222222222297,0.01720384323987588,0.91,0.06254997234316476
sst2,meta-llama/Llama-3.2-3B-Instruct,split,Naive split,25,200,-0.011633333333333318,0.011633333333333318,0.0007907777777777782,0.028120771287035818,0.915,0.09695290332482756
sst2,meta-llama/Llama-3.2-3B-Instruct,union_K,Union bound over K,25,200,-0.04210314572936994,0.04210314572936994,0.002066791811467751,0.04546198204508632,0.77,0.10944982230013878
sst2,meta-llama/Llama-3.2-3B-Instruct,union_neff,Union bound over N_eff,25,200,-0.014168507354305984,0.014168507354305984,0.0004548172688037433,0.02132644529225964,0.98,0.08005267478139298
sst2,meta-llama/Llama-3.2-3B-Instruct,cross_fit,Cross-fitting,25,200,-0.01356633333333334,0.01356633333333334,0.0004659678888888895,0.02158628937286095,0.99,0.09791095802827642
sst2,meta-llama/Llama-3.2-3B-Instruct,bootstrap,Bootstrap plug-in,25,200,-0.00724299999999994,0.00724299999999994,0.00033949535347222175,0.01842539968283515,0.905,0.06249658620662348
sst2,meta-llama/Llama-3.2-3B-Instruct,none,No correction,50,50,0.03284999999999998,0.03284999999999998,0.0022433888888888868,0.04736442640726146,0.63,0.10221635042999705
sst2,meta-llama/Llama-3.2-3B-Instruct,split,Naive split,50,50,-0.004566666666666666,0.004566666666666666,0.003457555555555555,0.05880098260705815,0.895,0.1822427605554617
sst2,meta-llama/Llama-3.2-3B-Instruct,union_K,Union bound over K,50,50,-0.07508311131315114,0.07508311131315114,0.007512769437674105,0.08667623340728475,0.82,0.1920367035349987
sst2,meta-llama/Llama-3.2-3B-Instruct,union_neff,Union bound over N_eff,50,50,-0.0060566035291776685,0.0060566035291776685,0.0011564668096634462,0.034006864155100305,0.93,0.13002527893302523
sst2,meta-llama/Llama-3.2-3B-Instruct,cross_fit,Cross-fitting,50,50,-0.014653333333333296,0.014653333333333296,0.0016954140444444424,0.04117540582003342,0.995,0.19819024323277695
sst2,meta-llama/Llama-3.2-3B-Instruct,bootstrap,Bootstrap plug-in,50,50,0.007853499999999987,0.007853499999999987,0.0015838514722222201,0.03979763149010529,0.78,0.10256940339572031
sst2,meta-llama/Llama-3.2-3B-Instruct,none,No correction,50,100,0.021999999999999992,0.021999999999999992,0.000995999999999999,0.03155946767611899,0.755,0.07956253735396761
sst2,meta-llama/Llama-3.2-3B-Instruct,split,Naive split,50,100,-0.0073333333333333315,0.0073333333333333315,0.0015518888888888887,0.039394020978936496,0.885,0.13330109778192561
sst2,meta-llama/Llama-3.2-3B-Instruct,union_K,Union bound over K,50,100,-0.05455345055760622,0.05455345055760622,0.0036551577051839156,0.06045790027104742,0.87,0.1494763541650797
sst2,meta-llama/Llama-3.2-3B-Instruct,union_neff,Union bound over N_eff,50,100,-0.00657015228176194,0.00657015228176194,0.0005257209279746876,0.022928605015889815,0.97,0.10244100144159382
sst2,meta-llama/Llama-3.2-3B-Instruct,cross_fit,Cross-fitting,50,100,-0.011219999999999992,0.011219999999999992,0.0007434472888888878,0.027266229825351502,0.99,0.1370729405495193
sst2,meta-llama/Llama-3.2-3B-Instruct,bootstrap,Bootstrap plug-in,50,100,0.0021185000000000145,0.0021185000000000145,0.0006355399083333321,0.025209916864863558,0.85,0.07942900842255753
sst2,meta-llama/Llama-3.2-3B-Instruct,none,No correction,50,200,0.009366666666666697,0.009366666666666697,0.0003954722222222226,0.01988648340512275,0.84,0.06027980912881093
sst2,meta-llama/Llama-3.2-3B-Instruct,split,Naive split,50,200,-0.009333333333333315,0.009333333333333315,0.0007496666666666671,0.027380041392712814,0.925,0.09548694953927729
sst2,meta-llama/Llama-3.2-3B-Instruct,union_K,Union bound over K,50,200,-0.04506452349003955,0.04506452349003955,0.0023905084301462896,0.04889282595786717,0.745,0.11324935576469793
sst2,meta-llama/Llama-3.2-3B-Instruct,union_neff,Union bound over N_eff,50,200,-0.010983894965845708,0.010983894965845708,0.0004302593349973488,0.02074269353284064,0.96,0.07773886621465445
sst2,meta-llama/Llama-3.2-3B-Instruct,cross_fit,Cross-fitting,50,200,-0.013484000000000005,0.013484000000000005,0.000500413955555556,0.022369934187555313,0.985,0.09626219016619807
sst2,meta-llama/Llama-3.2-3B-Instruct,bootstrap,Bootstrap plug-in,50,200,-0.00490320833333328,0.00490320833333328,0.0003669345253472216,0.01915553510991592,0.88,0.06041792219848516
sst2,meta-llama/Llama-3.2-3B-Instruct,none,No correction,100,50,0.03679999999999997,0.03679999999999997,0.002255666666666664,0.047493859252188214,0.595,0.09802408031899318
sst2,meta-llama/Llama-3.2-3B-Instruct,split,Naive split,100,50,-0.008683333333333331,0.008683333333333331,0.003069388888888888,0.055402065745682155,0.925,0.18553581643853959
sst2,meta-llama/Llama-3.2-3B-Instruct,union_K,Union bound over K,100,50,-0.08400604272659773,0.08400604272659773,0.008561927488778692,0.09253068403928878,0.755,0.19609699692085428
sst2,meta-llama/Llama-3.2-3B-Instruct,union_neff,Union bound over N_eff,100,50,-0.0023039320214692204,0.0023039320214692204,0.0009262586313947397,0.030434497390210664,0.94,0.12492289002360626
sst2,meta-llama/Llama-3.2-3B-Instruct,cross_fit,Cross-fitting,100,50,-0.01620999999999996,0.01620999999999996,0.0016631398222222205,0.04078161132449551,0.995,0.19796712370863098
sst2,meta-llama/Llama-3.2-3B-Instruct,bootstrap,Bootstrap plug-in,100,50,0.009457499999999976,0.009457499999999976,0.0014047612833333312,0.037480145188263765,0.77,0.09798228724949269
sst2,meta-llama/Llama-3.2-3B-Instruct,none,No correction,100,100,0.02269999999999999,0.02269999999999999,0.0010485555555555545,0.03238140755982597,0.73,0.07798594197471868
sst2,meta-llama/Llama-3.2-3B-Instruct,split,Naive split,100,100,-0.008550000000000007,0.008550000000000007,0.001784166666666667,0.042239397091656826,0.885,0.1328914148102918
sst2,meta-llama/Llama-3.2-3B-Instruct,union_K,Union bound over K,100,100,-0.06321906931849136,0.06321906931849136,0.0047391877286231945,0.06884175861076759,0.805,0.1560107370915388
sst2,meta-llama/Llama-3.2-3B-Instruct,union_neff,Union bound over N_eff,100,100,-0.006360476014765806,0.006360476014765806,0.0005570394726687944,0.023601683682923858,0.96,0.10065357910915639
sst2,meta-llama/Llama-3.2-3B-Instruct,cross_fit,Cross-fitting,100,100,-0.014276666666666655,0.014276666666666655,0.0008650941333333321,0.029412482610846235,0.995,0.13754313141321026
sst2,meta-llama/Llama-3.2-3B-Instruct,bootstrap,Bootstrap plug-in,100,100,0.0008407500000000046,0.0008407500000000046,0.0007010224847222208,0.026476829204461413,0.825,0.07783039804613182
sst2,meta-llama/Llama-3.2-3B-Instruct,none,No correction,100,200,0.008433333333333362,0.008433333333333362,0.00033550000000000024,0.018316659084014208,0.88,0.059446040108787075
sst2,meta-llama/Llama-3.2-3B-Instruct,split,Naive split,100,200,-0.010866666666666646,0.010866666666666646,0.0009590000000000001,0.030967725134404045,0.905,0.09537398773857934
sst2,meta-llama/Llama-3.2-3B-Instruct,union_K,Union bound over K,100,200,-0.05229379791971913,0.05229379791971913,0.003039569463603653,0.055132290570986196,0.65,0.11892169665080847
sst2,meta-llama/Llama-3.2-3B-Instruct,union_neff,Union bound over N_eff,100,200,-0.012210821543834524,0.012210821543834524,0.0004075044556444763,0.020186739599164505,0.97,0.07691851372589448
sst2,meta-llama/Llama-3.2-3B-Instruct,cross_fit,Cross-fitting,100,200,-0.01663800000000001,0.01663800000000001,0.0005752267111111116,0.0239838844041392,0.98,0.09692179216201537
sst2,meta-llama/Llama-3.2-3B-Instruct,bootstrap,Bootstrap plug-in,100,200,-0.007968291666666606,0.007968291666666606,0.0003562701947916655,0.018875121053695668,0.885,0.05919909599224992
subj,Qwen/Qwen2.5-1.5B-Instruct,none,No correction,10,50,0.08118333333333334,0.08118333333333334,0.010143277777777779,0.10071384104371046,0.725,0.21887247354052547
subj,Qwen/Qwen2.5-1.5B-Instruct,split,Naive split,10,50,0.024250000000000015,0.024250000000000015,0.010490833333333333,0.10242476913976098,0.85,0.31506238717886637
subj,Qwen/Qwen2.5-1.5B-Instruct,union_K,Union bound over K,10,50,-0.026044971068573276,0.026044971068573276,0.004335463059007064,0.0658442333010801,0.98,0.3427527664761321
subj,Qwen/Qwen2.5-1.5B-Instruct,union_neff,Union bound over N_eff,10,50,0.02519880351069695,0.02519880351069695,0.0040442362530218314,0.0635943099107289,0.95,0.27945017253914917
subj,Qwen/Qwen2.5-1.5B-Instruct,cross_fit,Cross-fitting,10,50,0.017535333333333365,0.017535333333333365,0.005091670133333333,0.07135593972006347,0.955,0.31963219524186526
subj,Qwen/Qwen2.5-1.5B-Instruct,bootstrap,Bootstrap plug-in,10,50,0.03932383333333334,0.03932383333333334,0.0060323451277777785,0.07766817319711967,0.815,0.21817803379911876
subj,Qwen/Qwen2.5-1.5B-Instruct,none,No correction,10,100,0.059816666666666664,0.059816666666666664,0.005121388888888889,0.07156387977806185,0.7,0.15675155945740518
subj,Qwen/Qwen2.5-1.5B-Instruct,split,Naive split,10,100,0.025616666666666673,0.025616666666666673,0.004851055555555556,0.0696495194208514,0.88,0.2247194055507515
subj,Qwen/Qwen2.5-1.5B-Instruct,union_K,Union bound over K,10,100,-0.016371080586186873,0.016371080586186873,0.0018328846108822841,0.04281220165889958,1.0,0.2454718484438642
subj,Qwen/Qwen2.5-1.5B-Instruct,union_neff,Union bound over N_eff,10,100,0.019214259830941747,0.019214259830941747,0.0019304094352958357,0.04393642492620258,0.965,0.20112270618608302
subj,Qwen/Qwen2.5-1.5B-Instruct,cross_fit,Cross-fitting,10,100,0.022722000000000023,0.022722000000000023,0.0026508084444444445,0.05148600241273782,0.945,0.22570471786243254
subj,Qwen/Qwen2.5-1.5B-Instruct,bootstrap,Bootstrap plug-in,10,100,0.03501341666666667,0.03501341666666667,0.0031611041680555552,0.056223697566556,0.83,0.15613453607517172
subj,Qwen/Qwen2.5-1.5B-Instruct,none,No correction,10,200,0.04854166666666668,0.04854166666666668,0.0031319861111111123,0.055964150231296396,0.575,0.11160498585267636
subj,Qwen/Qwen2.5-1.5B-Instruct,split,Naive split,10,200,0.03501666666666667,0.03501666666666667,0.003198388888888889,0.05655430035716903,0.84,0.15866698717659047
subj,Qwen/Qwen2.5-1.5B-Instruct,union_K,Union bound over K,10,200,-0.005468663203207911,0.005468663203207911,0.0008108682868698519,0.028475749101118514,1.0,0.174772629169614
subj,Qwen/Qwen2.5-1.5B-Instruct,union_neff,Union bound over N_eff,10,200,0.019665474591656434,0.019665474591656434,0.0011416379452782498,0.03378813320203189,0.97,0.14330636140309352
subj,Qwen/Qwen2.5-1.5B-Instruct,cross_fit,Cross-fitting,10,200,0.026402333333333326,0.026402333333333326,0.0016406633555555558,0.040505102833538836,0.95,0.15944560538199326
subj,Qwen/Qwen2.5-1.5B-Instruct,bootstrap,Bootstrap plug-in,10,200,0.034785541666666676,0.034785541666666676,0.002049107378819446,0.045267067265501594,0.735,0.1111636750096746
subj,Qwen/Qwen2.5-1.5B-Instruct,none,No correction,25,50,0.09394999999999999,0.09394999999999999,0.012037944444444447,0.10971756670854693,0.625,0.21441723274599242
subj,Qwen/Qwen2.5-1.5B-Instruct,split,Naive split,25,50,0.042950000000000016,0.042950000000000016,0.009807166666666667,0.09903113988370864,0.875,0.31295695586118283
subj,Qwen/Qwen2.5-1.5B-Instruct,union_K,Union bound over K,25,50,-0.04280775031549162,0.04280775031549162,0.0051368092170194805,0.07167153700751422,0.995,0.3751868648859741
subj,Qwen/Qwen2.5-1.5B-Instruct,union_neff,Union bound over N_eff,25,50,0.03219752147980359,0.03219752147980359,0.004285117571967812,0.0654608094356296,0.94,0.2804137560455298
subj,Qwen/Qwen2.5-1.5B-Instruct,cross_fit,Cross-fitting,25,50,0.016578666666666696,0.016578666666666696,0.004592596444444445,0.06776869811678873,0.97,0.31826264749007593
subj,Qwen/Qwen2.5-1.5B-Instruct,bootstrap,Bootstrap plug-in,25,50,0.04185250000000001,0.04185250000000001,0.005944087727777778,0.07709791000914212,0.82,0.2138009795222756
subj,Qwen/Qwen2.5-1.5B-Instruct,none,No correction,25,100,0.07083333333333335,0.07083333333333335,0.006784333333333334,0.08236706461525344,0.53,0.15405004898552843
subj,Qwen/Qwen2.5-1.5B-Instruct,split,Naive split,25,100,0.03653333333333334,0.03653333333333334,0.004920666666666667,0.0701474637222663,0.855,0.2227928494760814
subj,Qwen/Qwen2.5-1.5B-Instruct,union_K,Union bound over K,25,100,-0.026386034869401342,0.026386034869401342,0.002494403533990169,0.04994400398436402,0.99,0.26955648188445996
subj,Qwen/Qwen2.5-1.5B-Instruct,union_neff,Union bound over N_eff,25,100,0.02654466792173139,0.02654466792173139,0.0024617549495715625,0.04961607551561855,0.96,0.20191150423820362
subj,Qwen/Qwen2.5-1.5B-Instruct,cross_fit,Cross-fitting,25,100,0.02354733333333336,0.02354733333333336,0.002851522400000002,0.05339964793891437,0.96,0.22438783237001203
subj,Qwen/Qwen2.5-1.5B-Instruct,bootstrap,Bootstrap plug-in,25,100,0.03971058333333335,0.03971058333333335,0.0037113903375000003,0.06092118135345046,0.795,0.1528438186855608
subj,Qwen/Qwen2.5-1.5B-Instruct,none,No correction,25,200,0.050883333333333364,0.050883333333333364,0.003276583333333336,0.05724144768726011,0.54,0.11008784263501399
subj,Qwen/Qwen2.5-1.5B-Instruct,split,Naive split,25,200,0.03280000000000001,0.03280000000000001,0.0031583333333333346,0.05619905100029123,0.84,0.15789321072835036
subj,Qwen/Qwen2.5-1.5B-Instruct,union_K,Union bound over K,25,200,-0.01804602544011903,0.01804602544011903,0.0010188175118728084,0.03191892090708595,1.0,0.19263149706451643
subj,Qwen/Qwen2.5-1.5B-Instruct,union_neff,Union bound over N_eff,25,200,0.01925640142727846,0.01925640142727846,0.001051528959678803,0.032427287269810326,0.985,0.144560488191134
subj,Qwen/Qwen2.5-1.5B-Instruct,cross_fit,Cross-fitting,25,200,0.02394733333333334,0.02394733333333334,0.0013852313333333338,0.03721869601871261,0.965,0.15830914591998388
subj,Qwen/Qwen2.5-1.5B-Instruct,bootstrap,Bootstrap plug-in,25,200,0.03190058333333337,0.03190058333333337,0.0017873546270833363,0.042277117062109806,0.79,0.11002023750916394
subj,Qwen/Qwen2.5-1.5B-Instruct,none,No correction,50,50,0.10795,0.10795,0.01449261111111111,0.12038526118720311,0.455,0.21076459631834696
subj,Qwen/Qwen2.5-1.5B-Instruct,split,Naive split,50,50,0.03976666666666668,0.03976666666666668,0.009427333333333334,0.09709445572911635,0.88,0.3122882354515225
subj,Qwen/Qwen2.5-1.5B-Instruct,union_K,Union bound over K,50,50,-0.048615619002398504,0.048615619002398504,0.005311716707153593,0.07288152514288922,1.0,0.3959693153648552
subj,Qwen/Qwen2.5-1.5B-Instruct,union_neff,Union bound over N_eff,50,50,0.04465500029856967,0.04465500029856967,0.004849353672046344,0.0696373008670378,0.945,0.2773367709936481
subj,Qwen/Qwen2.5-1.5B-Instruct,cross_fit,Cross-fitting,50,50,0.017856000000000028,0.017856000000000028,0.00421139982222222,0.06489529892235817,0.975,0.317681257202592
subj,Qwen/Qwen2.5-1.5B-Instruct,bootstrap,Bootstrap plug-in,50,50,0.049839,0.049839,0.006194395744444443,0.07870448363622268,0.81,0.2104962750752536
subj,Qwen/Qwen2.5-1.5B-Instruct,none,No correction,50,100,0.07556666666666667,0.07556666666666667,0.007382333333333333,0.08592050589546905,0.53,0.15257779676202882
subj,Qwen/Qwen2.5-1.5B-Instruct,split,Naive split,50,100,0.03535000000000001,0.03535000000000001,0.005639277777777777,0.07509512486025825,0.855,0.22200963374946714
subj,Qwen/Qwen2.5-1.5B-Instruct,union_K,Union bound over K,50,100,-0.035688262195518926,0.035688262195518926,0.0029727266752949478,0.05452271705715837,1.0,0.2866521549590983
subj,Qwen/Qwen2.5-1.5B-Instruct,union_neff,Union bound over N_eff,50,100,0.02989895986238543,0.02989895986238543,0.002610208603336316,0.05109020065860297,0.925,0.2015803707953291
subj,Qwen/Qwen2.5-1.5B-Instruct,cross_fit,Cross-fitting,50,100,0.020223333333333374,0.020223333333333374,0.00266848328888889,0.051657364323868575,0.96,0.22411287840274668
subj,Qwen/Qwen2.5-1.5B-Instruct,bootstrap,Bootstrap plug-in,50,100,0.03784241666666667,0.03784241666666667,0.0035193769124999986,0.05932433659553218,0.785,0.15275333803023997
subj,Qwen/Qwen2.5-1.5B-Instruct,none,No correction,50,200,0.05840833333333337,0.05840833333333337,0.004043236111111115,0.06358644597012097,0.45,0.10915673657718418
subj,Qwen/Qwen2.5-1.5B-Instruct,split,Naive split,50,200,0.03238333333333334,0.03238333333333334,0.003144055555555556,0.05607187847357672,0.82,0.15719027573973612
subj,Qwen/Qwen2.5-1.5B-Instruct,union_K,Union bound over K,50,200,-0.020442358226703265,0.020442358226703265,0.0010545049069643315,0.032473141316545454,1.0,0.20507580022901103
subj,Qwen/Qwen2.5-1.5B-Instruct,union_neff,Union bound over N_eff,50,200,0.025787277755777157,0.025787277755777157,0.0013034498842643108,0.03610332234385515,0.945,0.14449889339514282
subj,Qwen/Qwen2.5-1.5B-Instruct,cross_fit,Cross-fitting,50,200,0.022603333333333354,0.022603333333333354,0.0012605990666666677,0.03550491609153115,0.97,0.15811829765949162
subj,Qwen/Qwen2.5-1.5B-Instruct,bootstrap,Bootstrap plug-in,50,200,0.03443983333333338,0.03443983333333338,0.0019046776902777807,0.0436426132384139,0.77,0.10937372921903359
subj,Qwen/Qwen2.5-1.5B-Instruct,none,No correction,100,50,0.1201,0.1201,0.017054,0.13059096446538712,0.335,0.20701133709455496
subj,Qwen/Qwen2.5-1.5B-Instruct,split,Naive split,100,50,0.027733333333333346,0.027733333333333346,0.009309777777777776,0.09648718970815647,0.9,0.3124643975956101
subj,Qwen/Qwen2.5-1.5B-Instruct,union_K,Union bound over K,100,50,-0.054436730757581195,0.054436730757581195,0.005676091094620525,0.07533983736789272,1.0,0.41412580868608545
subj,Qwen/Qwen2.5-1.5B-Instruct,union_neff,Union bound over N_eff,100,50,0.055601230851451924,0.055601230851451924,0.005802476555084784,0.0761739887040503,0.915,0.27373052112396296
subj,Qwen/Qwen2.5-1.5B-Instruct,cross_fit,Cross-fitting,100,50,0.017184666666666692,0.017184666666666692,0.004392415199999999,0.06627529856590614,0.965,0.3168892578265272
subj,Qwen/Qwen2.5-1.5B-Instruct,bootstrap,Bootstrap plug-in,100,50,0.0553745,0.0553745,0.006688957883333333,0.08178604944202485,0.765,0.20650037838135085
subj,Qwen/Qwen2.5-1.5B-Instruct,none,No correction,100,100,0.08888333333333334,0.08888333333333334,0.009082166666666664,0.09530040223769606,0.365,0.15048417503501235
subj,Qwen/Qwen2.5-1.5B-Instruct,split,Naive split,100,100,0.03655000000000001,0.03655000000000001,0.0053550555555555565,0.07317824509753945,0.86,0.22134629581874068
subj,Qwen/Qwen2.5-1.5B-Instruct,union_K,Union bound over K,100,100,-0.03504793642614004,0.03504793642614004,0.0024399786817160536,0.04939614035242079,1.0,0.30104332233923875
subj,Qwen/Qwen2.5-1.5B-Instruct,union_neff,Union bound over N_eff,100,100,0.04229897115314124,0.04229897115314124,0.0029856832895127604,0.054641406364704416,0.94,0.19987802317507686
subj,Qwen/Qwen2.5-1.5B-Instruct,cross_fit,Cross-fitting,100,100,0.025418666666666697,0.025418666666666697,0.0020747441777777785,0.045549359795476585,0.995,0.22315961086889988
subj,Qwen/Qwen2.5-1.5B-Instruct,bootstrap,Bootstrap plug-in,100,100,0.045184833333333334,0.045184833333333334,0.0034852714166666654,0.059036187348664934,0.75,0.1507358236575673
subj,Qwen/Qwen2.5-1.5B-Instruct,none,No correction,100,200,0.05995833333333337,0.05995833333333337,0.00415279166666667,0.0644421575264723,0.445,0.10862195144036577
subj,Qwen/Qwen2.5-1.5B-Instruct,split,Naive split,100,200,0.02611666666666668,0.02611666666666668,0.0026500555555555565,0.0514786903053638,0.855,0.15779097117949686
subj,Qwen/Qwen2.5-1.5B-Instruct,union_K,Union bound over K,100,200,-0.027950395672525444,0.027950395672525444,0.0013443233697201834,0.03666501561052693,1.0,0.21729801909716454
subj,Qwen/Qwen2.5-1.5B-Instruct,union_neff,Union bound over N_eff,100,200,0.026834835597278305,0.026834835597278305,0.00127621770354708,0.03572418933365851,0.955,0.1443660468905434
subj,Qwen/Qwen2.5-1.5B-Instruct,cross_fit,Cross-fitting,100,200,0.015181000000000023,0.015181000000000023,0.0008716480222222223,0.029523685783150826,0.98,0.15829462058116683
subj,Qwen/Qwen2.5-1.5B-Instruct,bootstrap,Bootstrap plug-in,100,200,0.029516333333333387,0.029516333333333387,0.0014820401541666686,0.03849727463297459,0.82,0.10836941467944788
